Workbook

Sheet Asumsi
B2: ASUMSI DASAR
B3: Angka berwarna biru boleh diubah. Seluruh lembar lain mengikuti nilai di sini.
A5: No | B5: Keterangan | C5: Nilai | D5: Satuan | E5: Sumber / Catatan
A6: 1 | B6: Kurs USD ke Rupiah | C6: 17700 | D6: Rp/USD | E6: Kurs tengah pasar, 9 September 2026 (Wise/Xe). Perbarui saat memaparkan.
A7: 2 | B7: Tarif jasa pengembang | C7: 75000 | D7: Rp/jam | E7: Asumsi tarif wajar programmer lepas di Indonesia. Ubah sesuai kesepakatan.
A8: 3 | B8: Tarif jasa pemeliharaan | C8: 75000 | D8: Rp/jam | E8: Disamakan dengan tarif pengembangan.
A9: 4 | B9: Railway paket Pro | C9: 25 | D9: USD/bulan | E9: Naik dari paket Hobby. Harga resmi USD 20; USD 25 dipakai sehingga sudah termasuk penyangga USD 5 untuk kelebihan pemakaian.
A10: 5 | B10: Tambahan CPU dan RAM | C10: 16 | D10: USD/bulan | E10: CPU USD 20/vCPU/bln, RAM USD 10/GB/bln. Diukur untuk 980 taruna.
A11: 6 | B11: Basis data terkelola PostgreSQL | C11: 8 | D11: USD/bulan | E11: Pengganti berkas JSON. Tahan tulis bersamaan dan tidak rusak saat aplikasi mati.
A12: 7 | B12: Penyimpanan volume | C12: 1 | D12: USD/bulan | E12: Ditetapkan tetap USD 1 per bulan.
A13: 8 | B13: Pengali volume | C13: 1 | D13: (tetap 1) | E13: Dibiarkan 1 agar biaya penyimpanan tepat USD 1 per bulan.
A14: 9 | B14: Cloudflare paket Pro | C14: 20 | D14: USD/bulan | E14: Tameng WAF, penahan serangan DDoS, dan jaringan pengantar isi agar akses cepat.
A15: 10 | B15: Pemantauan dan pelacak galat | C15: 10 | D15: USD/bulan | E15: Pemberitahuan bila situs mati atau muncul galat, sebelum taruna melapor.
A16: 11 | B16: Pencadangan luar lokasi | C16: 3 | D16: USD/bulan | E16: Salinan data akun disimpan di luar Railway, aman bila terjadi kegagalan.
A17: 12 | B17: Lingkungan uji terpisah | C17: 5 | D17: USD/bulan | E17: Menguji perubahan sebelum naik ke situs asli agar tidak mengganggu pemakai.
... A20: 15 | B20: Kenaikan biaya per tahun | C20: 0.05 | D20: persen | E20: Asumsi inflasi biaya layanan 5% per tahun.
B23: Keterangan warna
B24: Biru dengan latar kuning | C24: Angka masukan — boleh diubah
B25: Hitam | C25: Hasil rumus — jangan diketik ulang
B26: Hijau | C26: Tautan dari lembar lain

Sheet Modal Awal
B2: MODAL AWAL — BIAYA PEMBUATAN
B3: Dua kolom biaya dipisah: nilai jasa setara pasar, dan uang tunai yang benar-benar dikeluarkan.
A5: No | B5: Komponen Pekerjaan | C5: Jam | D5: Nilai Jasa (setara pasar) | E5: Biaya Tunai Riil | F5: Keterangan
A6: 1 | B6: Antarmuka dan desain tampilan | C6: 24 | D6: =C6*Asumsi!$C$7 -> 1800000 | E6: 0 | F6: Tata letak, warna, jenis huruf, tampilan ponsel, unggah foto.
A7: 2 | B7: Penyusunan data satuan | C7: 8 | D7: =C7*Asumsi!$C$7 -> 600000 | E7: 0 | F7: Merapikan data pengasuh TK II dan TK III berikut NRP.
A8: 3 | B8: Pengujian dan perbaikan | C8: 14 | D8: =C8*Asumsi!$C$7 -> 1050000 | E8: 0 | F8: Uji seluruh halaman, perbaikan galat, uji berbagai jumlah foto.
A9: 4 | B9: Penyiapan penempatan daring | C9: 6 | D9: =C9*Asumsi!$C$7 -> 450000 | E9: 0 | F9: Penyiapan Railway, volume penyimpanan, dan domain.
B10: Jumlah jasa pengembangan | C10: =SUM(C6:C9) -> 52 | D10: =SUM(D6:D9) -> 3900000 | E10: =SUM(E6:E9) -> 0
B12: Biaya di luar jasa
A13: No | B13: Komponen | D13: Nilai Jasa (setara pasar) | E13: Biaya Tunai Riil | F13: Keterangan
A14: 1 | B14: Domain tahun pertama | D14: =Asumsi!$C$18*Asumsi!$C$6 -> 354000 | E14: =Asumsi!$C$18*Asumsi!$C$6 -> 354000 | F14: Nama situs, contoh lhpakpol.com. Wajib dibayar tunai.
A15: 2 | B15: Perancangan logo dan aset gambar | D15: 0 | E15: 0 | F15: Memakai lambang resmi satuan, tidak ada biaya.
A16: 3 | B16: Sertifikat SSL | D16: 0 | E16: 0 | F16: Sudah disediakan Railway tanpa biaya tambahan.
A17: 4 | B17: Perangkat lunak pengembangan | D17: 0 | E17: 0 | F17: Python, Flask, dan pustaka lain bersifat sumber terbuka.
B18: Jumlah biaya lain | D18: =SUM(D14:D17) -> 354000 | E18: =SUM(E14:E17) -> 354000
B20: TOTAL MODAL AWAL | D20: =D10+D18 -> 4254000 | E20: =E10+E18 -> 354000
B22: Catatan: kolom Biaya Tunai Riil bernilai nol untuk pekerjaan yang dikerjakan sendiri.
B23: Kolom Nilai Jasa menunjukkan berapa biayanya bila pekerjaan itu diserahkan kepada pihak ketiga.

Sheet Biaya Operasional
B2: BIAYA OPERASIONAL — PEMELIHARAAN RUTIN
B3: Biaya yang berjalan terus selama situs aktif.
B5: A. Layanan daring
B6: Kolom Aktif: isi 1 bila dipakai, 0 bila tidak. Total menyesuaikan otomatis.
A7: No | B7: Komponen | C7: Aktif | D7: Per Bulan (USD) | E7: Per Bulan (Rp) | F7: Per Tahun (Rp) | G7: Keterangan
A8: 1 | B8: Railway paket Pro | C8: 1 | D8: =(Asumsi!$C$9)*C8 -> 25 | E8: =D8*Asumsi!$C$6 -> 442500 | F8: =E8*12 -> 5310000 | G8: Naik dari Hobby. Harga resmi USD 20; USD 25 dipakai sehingga termasuk penyangga untuk kelebihan pemakaian.
A9: 2 | B9: Tambahan CPU dan RAM | C9: 1 | D9: =(Asumsi!$C$10)*C9 -> 16 | E9: =D9*Asumsi!$C$6 -> 283200 | F9: =E9*12 -> 3398400 | G9: Menjaga situs tetap ringan saat banyak taruna memakai bersamaan.
A10: 3 | B10: Basis data terkelola PostgreSQL | C10: 1 | D10: =(Asumsi!$C$11)*C10 -> 8 | E10: =D10*Asumsi!$C$6 -> 141600 | F10: =E10*12 -> 1699200 | G10: Pengganti berkas JSON. Aman dari kerusakan data saat tulis bersamaan.
A11: 4 | B11: Penyimpanan volume | C11: 1 | D11: =(Asumsi!$C$12*Asumsi!$C$13)*C11 -> 1 | E11: =D11*Asumsi!$C$6 -> 17700 | F11: =E11*12 -> 212400 | G11: Menyimpan data akun dan berkas agar tidak hilang saat pembaruan.
A12: 5 | B12: Cloudflare paket Pro | C12: 0 | D12: =(Asumsi!$C$14)*C12 -> 0 | E12: =D12*Asumsi!$C$6 -> 0 | F12: =E12*12 -> 0 | G12: Dimatikan. Diganti Cloudflare paket gratis: SSL, penahan DDoS, dan CDN.
A13: 6 | B13: Pemantauan dan pelacak galat | C13: 0 | D13: =(Asumsi!$C$15)*C13 -> 0 | E13: =D13*Asumsi!$C$6 -> 0 | F13: =E13*12 -> 0 | G13: Dimatikan. Diganti UptimeRobot dan Sentry paket gratis.
A14: 7 | B14: Pencadangan luar lokasi | C14: 1 | D14: =(Asumsi!$C$16)*C14 -> 3 | E14: =D14*Asumsi!$C$6 -> 53100 | F14: =E14*12 -> 637200 | G14: Salinan data disimpan di luar Railway sebagai jaring pengaman.
A15: 8 | B15: Lingkungan uji terpisah | C15: 0 | D15: =(Asumsi!$C$17)*C15 -> 0 | E15: =D15*Asumsi!$C$6 -> 0 | F15: =E15*12 -> 0 | G15: Dimatikan. Pengujian dilakukan di komputer sendiri sebelum diunggah.
A16: 9 | B16: Domain (dibagi 12 bulan) | C16: 1 | D16: =(Asumsi!$C$18/12)*C16 -> 1.6666667 | E16: =D16*Asumsi!$C$6 -> 29500 | F16: =E16*12 -> 354000 | G16: Layanan hosting domain USD 20 per tahun, dihitung bulanan.
B17: Jumlah layanan daring | D17: =SUM(D8:D16) -> 54.666667 | E17: =SUM(E8:E16) -> 967600 | F17: =SUM(F8:F16) -> 11611200
B19: B. Tenaga pemeliharaan
A20: No | B20: Kegiatan | C20: Jam | D20: Per Tahun (Rp) | E20: Per Bulan (Rp) | G20: Keterangan
A21: 1 | B21: Pembaruan keamanan pustaka | C21: 6 | D21: =C21*Asumsi!$C$8 -> 450000 | E21: =D21/12 -> 37500 | G21: Memutakhirkan Flask dan pustaka lain bila ada celah keamanan.
A22: 2 | B22: Dukungan pengguna | C22: 18 | D22: =C22*Asumsi!$C$8 -> 1350000 | E22: =D22/12 -> 112500 | G22: Menjawab pertanyaan taruna dan mengatur ulang kata sandi.
B23: Jumlah tenaga pemeliharaan | C23: =SUM(C21:C22) -> 24 | D23: =SUM(D21:D22) -> 1800000 | E23: =SUM(E21:E22) -> 150000
B25: C. Rekapitulasi | D25: Per Bulan (Rp) | E25: Per Tahun (Rp)
B26: Layanan daring | D26: =E26/12 -> 967600 | E26: =F17 -> 11611200
B27: Tenaga pemeliharaan | D27: =E27/12 -> 150000 | E27: =D23 -> 1800000
B28: Cadangan tak terduga | D28: =E28/12 -> 111760 | E28: =(E26+E27)*Asumsi!$C$19 -> 1341120
B29: TOTAL BIAYA OPERASIONAL | D29: =SUM(D26:D28) -> 1229360 | E29: =SUM(E26:E28) -> 14752320

Sheet Proyeksi 3 Tahun
B2: PROYEKSI BIAYA TIGA TAHUN
B3: Biaya layanan diasumsikan naik mengikuti angka kenaikan tahunan di lembar Asumsi.
A5: No | B5: Uraian | C5: Tahun 1 | D5: Tahun 2 | E5: Tahun 3 | F5: Jumlah 3 Tahun
A6: 1 | B6: Modal awal (biaya tunai) | C6: ='Modal Awal'!$E$20 -> 354000 | D6: 0 | E6: 0 | F6: =SUM(C6:E6) -> 354000
A7: 2 | B7: Biaya operasional | C7: ='Biaya Operasional'!$E$29 -> 14752320 | D7: =C7*(1+Asumsi!$C$20) -> 15489936 | E7: =D7*(1+Asumsi!$C$20) -> 16264433 | F7: =SUM(C7:E7) -> 46506689
B8: TOTAL PENGELUARAN | C8: =SUM(C6:C7) -> 15106320 | D8: =SUM(D6:D7) -> 15489936 | E8: =SUM(E6:E7) -> 16264433 | F8: =SUM(F6:F7) -> 46860689
B10: Biaya per pengguna
B11: Perkiraan jumlah taruna pemakai | C11: 980 | D11: orang (estimasi)
B12: Biaya operasional per orang per tahun | C12: =IF(C11=0,0,'Biaya Operasional'!$E$29/C11) -> 15053.388
B13: Biaya operasional per orang per bulan | C13: =IF(C11=0,0,'Biaya Operasional'!$D$29/C11) -> 1254.449

Sheet Skenario
B2: SKENARIO SKALA PEMAKAIAN
B3: Biaya layanan naik mengikuti jumlah pemakai. Angka pemakaian sumber daya adalah perkiraan.
A5: No | B5: Uraian | C5: Sekarang | D5: Target 980 | E5: Bila bertambah | F5: Keterangan
A6: 1 | B6: Jumlah taruna pemakai | C6: 400 | D6: 980 | E6: 1400 | F6: Sekarang, target 980 taruna, dan bila bertambah lagi.
A7: 2 | B7: Dokumen dibuat per bulan | C7: 1200 | D7: 2900 | E7: 4200 | F7: Sekitar tiga laporan per taruna.
A8: 3 | B8: Tambahan CPU dan RAM (USD/bln) | C8: 8 | D8: 16 | E8: 26 | F8: Makin ramai, makin besar sumber daya yang dipakai.
A9: 4 | B9: Penyimpanan volume (GB) | C9: 1 | D9: 2 | E9: 3 | F9: Data akun dan cadangan.
B11: Biaya menurut skenario
A12: No | B12: Uraian | C12: Sekarang | D12: Target 980 | E12: Bila bertambah | F12: Keterangan
A13: 1 | B13: Layanan daring per bulan | C13: =(Asumsi!$C$9+C8+Asumsi!$C$11+C9*Asumsi!$C$12+Asumsi!$C$16)*Asumsi!$C$6+Asumsi!$C$18*Asumsi!$C$6/12 -> 826000 | D13: =(Asumsi!$C$9+D8+Asumsi!$C$11+D9*Asumsi!$C$12+Asumsi!$C$16)*Asumsi!$C$6+Asumsi!$C$18*Asumsi!$C$6/12 -> 985300 | E13: =(Asumsi!$C$9+E8+Asumsi!$C$11+E9*Asumsi!$C$12+Asumsi!$C$16)*Asumsi!$C$6+Asumsi!$C$18*Asumsi!$C$6/12 -> 1180000 | F13: Mengikuti pos yang aktif di lembar Biaya Operasional, ditambah domain.
A14: 2 | B14: Tenaga pemeliharaan per bulan | C14: ='Biaya Operasional'!$E$23 -> 150000 | D14: ='Biaya Operasional'!$E$23 -> 150000 | E14: ='Biaya Operasional'!$E$23 -> 150000 | F14: Diambil dari lembar Biaya Operasional, kolom per bulan.
A15: 3 | B15: Cadangan tak terduga | C15: =(C13+C14)*Asumsi!$C$19 -> 97600 | D15: =(D13+D14)*Asumsi!$C$19 -> 113530 | E15: =(E13+E14)*Asumsi!$C$19 -> 133000 | F15: Sepuluh persen dari biaya di atasnya.
B16: Total per bulan | C16: =SUM(C13:C15) -> 1073600 | D16: =SUM(D13:D15) -> 1248830 | E16: =SUM(E13:E15) -> 1463000
B17: Total per tahun | C17: =C16*12 -> 12883200 | D17: =D16*12 -> 14985960 | E17: =E16*12 -> 17556000
B18: Biaya per orang per bulan | C18: =IF(C6=0,0,C16/C6) -> 2684 | D18: =IF(D6=0,0,D16/D6) -> 1274.3163 | E18: =IF(E6=0,0,E16/E6) -> 1045

Sheet Ringkasan
B2: ESTIMASI ANGGARAN — WEBSITE LHP AKPOL
B3: Aplikasi penyusun Laporan Kegiatan Positif taruna. Disusun 9 September 2026.
B5: Angka utama
A6: No | B6: Uraian | C6: Nilai Jasa (setara pasar) | D6: Biaya Tunai Riil | E6: Keterangan
A7: 1 | B7: Modal awal pembuatan | C7: ='Modal Awal'!$D$20 -> 4254000 | D7: ='Modal Awal'!$E$20 -> 354000 | E7: Sekali bayar di awal.
A8: 2 | B8: Biaya operasional per bulan | C8: ='Biaya Operasional'!$D$29 -> 1229360 | D8: ='Biaya Operasional'!$D$29 -> 1229360 | E8: Berjalan terus selama situs aktif.
A9: 3 | B9: Biaya operasional per tahun | C9: ='Biaya Operasional'!$E$29 -> 14752320 | D9: ='Biaya Operasional'!$E$29 -> 14752320 | E9: Dua belas kali biaya bulanan.
B10: Total pengeluaran 3 tahun | D10: ='Proyeksi 3 Tahun'!$F$8 -> 46860689
B12: Catatan penting untuk paparan
B13: 1. Situs ini gratis bagi taruna. Tidak ada pemasukan, sehingga seluruh biaya adalah pengeluaran.
B14: 2. Biaya tunai yang benar-benar keluar hanya untuk domain dan sewa layanan daring.
B15: 3. Kolom Nilai Jasa menunjukkan nilai pekerjaan bila diserahkan ke pihak ketiga.
B16: 4. Volume penyimpanan wajib aktif. Tanpa itu, data akun hilang setiap kali aplikasi diperbarui.
B17: 5. Beban terbesar setiap tahun adalah tenaga pemeliharaan, bukan sewa server.
B18: 6. Seluruh angka pada lembar Asumsi dapat diubah dan hasilnya menyesuaikan otomatis.
B20: Isi berkas
B21: Asumsi | C21: Seluruh angka masukan. Ubah di sini.
B22: Modal Awal | C22: Rincian biaya pembuatan menurut komponen pekerjaan.
B23: Biaya Operasional | C23: Rincian biaya bulanan dan tahunan.
B24: Proyeksi 3 Tahun | C24: Perkiraan pengeluaran tiga tahun ke depan.
B25: Skenario | C25: Perbandingan biaya pada tiga tingkat jumlah pemakai.
B26: Opsi Penghematan | C26: Tiga pilihan paket beserta total tiga tahunnya.

Sheet Opsi Penghematan
B2: OPSI PAKET LAYANAN — BATAS ANGGARAN RP 50 JUTA / 3 TAHUN
B3: Ketiga paket diukur untuk melayani 980 taruna. Angka biru boleh diubah.
B4: Jumlah taruna yang dilayani | C4: 980 | D4: 980 | E4: 980
A6: No | B6: Komponen (USD/bulan) | C6: A. Lengkap | D6: B. Seimbang | E6: C. Minimal | F6: Keterangan
A7: 1 | B7: Railway (langganan) | C7: 25 | D7: 25 | E7: 5 | F7: Paket Pro USD 25 pada A dan B. C tetap Hobby USD 5 sebagai pembanding paling hemat.
A8: 2 | B8: Tambahan CPU dan RAM | C8: 24 | D8: 16 | E8: 4 | F8: Diukur untuk 980 taruna. C hampir pasti lambat pada jam sibuk.
A9: 3 | B9: Basis data PostgreSQL | C9: 8 | D9: 8 | E9: 0 | F9: Penjaga kekokohan data. Sebaiknya dipertahankan; C kembali memakai berkas JSON.
A10: 4 | B10: Pengali volume (tetap 1) | C10: 1 | D10: 1 | E10: 1 | F10: Biaya penyimpanan ditetapkan USD 1 per bulan untuk semua paket.
A11: 5 | B11: Cloudflare | C11: 20 | D11: 0 | E11: 0 | F11: Paket gratis Cloudflare sudah memberi SSL, penahan DDoS, dan CDN.
A12: 6 | B12: Pemantauan dan pelacak galat | C12: 10 | D12: 0 | E12: 0 | F12: UptimeRobot dan Sentry punya paket gratis yang memadai untuk satu situs.
A13: 7 | B13: Pencadangan luar lokasi | C13: 3 | D13: 3 | E13: 0 | F13: Murah dan penting. Pada C dilakukan manual tanpa biaya.
A14: 8 | B14: Lingkungan uji terpisah | C14: 5 | D14: 0 | E14: 0 | F14: Pada B dan C, pengujian dilakukan di komputer sendiri sebelum diunggah.
B15: Jam pemeliharaan per tahun | C15: 24 | D15: 24 | E15: 12 | F15: Mengikuti lembar Biaya Operasional: pembaruan keamanan dan dukungan pengguna.
B17: Hasil perhitungan
A18: No | B18: Uraian | C18: A. Lengkap | D18: B. Seimbang | E18: C. Minimal | F18: Keterangan
A19: 1 | B19: Layanan daring per bulan | C19: =(SUM(C7:C9)+SUM(C11:C14)+C10*Asumsi!$C$12)*Asumsi!$C$6+Asumsi!$C$18*Asumsi!$C$6/12 -> 1728700 | D19: =(SUM(D7:D9)+SUM(D11:D14)+D10*Asumsi!$C$12)*Asumsi!$C$6+Asumsi!$C$18*Asumsi!$C$6/12 -> 967600 | E19: =(SUM(E7:E9)+SUM(E11:E14)+E10*Asumsi!$C$12)*Asumsi!$C$6+Asumsi!$C$18*Asumsi!$C$6/12 -> 206500 | F19: Seluruh langganan ditambah domain.
A20: 2 | B20: Tenaga pemeliharaan per bulan | C20: =C15*Asumsi!$C$8/12 -> 150000 | D20: =D15*Asumsi!$C$8/12 -> 150000 | E20: =E15*Asumsi!$C$8/12 -> 75000 | F20: Jam kerja dibagi dua belas bulan.
A21: 3 | B21: Cadangan tak terduga | C21: =(C19+C20)*Asumsi!$C$19 -> 187870 | D21: =(D19+D20)*Asumsi!$C$19 -> 111760 | E21: =(E19+E20)*Asumsi!$C$19 -> 28150 | F21: Sepuluh persen.
B22: Total per bulan | C22: =SUM(C19:C21) -> 2066570 | D22: =SUM(D19:D21) -> 1229360 | E22: =SUM(E19:E21) -> 309650
B23: Total per tahun | C23: =C22*12 -> 24798840 | D23: =D22*12 -> 14752320 | E23: =E22*12 -> 3715800
B24: Faktor 3 tahun (dengan kenaikan) | C24: =1+(1+Asumsi!$C$20)+(1+Asumsi!$C$20)^2 -> 3.1525 | D24: =1+(1+Asumsi!$C$20)+(1+Asumsi!$C$20)^2 -> 3.1525 | E24: =1+(1+Asumsi!$C$20)+(1+Asumsi!$C$20)^2 -> 3.1525
B25: TOTAL 3 TAHUN | C25: =C23*C24+'Modal Awal'!$E$20 -> 78532343 | D25: =D23*D24+'Modal Awal'!$E$20 -> 46860689 | E25: =E23*E24+'Modal Awal'!$E$20 -> 12068060
B26: Batas anggaran | C26: 50000000
B27: Status terhadap batas | C27: =IF(C25<=$C$26,"MEMENUHI","MELEBIHI") -> MELEBIHI | D27: =IF(D25<=$C$26,"MEMENUHI","MELEBIHI") -> MEMENUHI | E27: =IF(E25<=$C$26,"MEMENUHI","MELEBIHI") -> MEMENUHI
B28: Selisih terhadap batas | C28: =$C$26-C25 -> -28532343 | D28: =$C$26-D25 -> 3139311.2 | E28: =$C$26-E25 -> 37931940
B30: Yang hilang bila memilih paket lebih murah
B31: B. Seimbang — kehilangan WAF Cloudflare berbayar, pemantauan berbayar, dan lingkungan uji terpisah. Penggantinya paket gratis yang untuk satu situs sekecil ini masih memadai. Basis data dan pencadangan tetap ada.
B32: C. Minimal — tidak disarankan pada 980 taruna. Tanpa basis data dan tanpa tambahan CPU, situs hampir pasti melambat pada jam sibuk dan data akun rawan rusak.
B33: Saran: pilih B. Sudah diukur untuk 980 taruna, kekokohan dan keamanan inti tetap terjaga, dan totalnya masih di bawah batas Rp 40 juta.
